outer_fold,test_loss,test_accuracy
1,0.6839773456255595,0.7779356060606061
2,2.712948719660441,0.6437026515151515
